{"bins": [0.0, 10.0, 20.0, 30.0, 40.0, 50.0, 60.0, 70.0, 80.0, 90.0, 100.0, 110.0, 120.0, 160.0, 743.0199584960938], "scale_factors": [0.9276616951520932, 0.9691075569164453, 1.0568696634321824, 1.187987534439449, 1.3754144860984738, 1.6256486606346572, 1.9532228917496863, 2.346747402344542, 2.875931640341878, 3.1691092512719763, 2.4945650514509246, 2.335405196890371, 0.3250737608666409, 0.5789220011803764]}